Row Names,instance_auroc,full_pixel_auroc,anomaly_pixel_auroc
mvtec_toothbrush,1.0,0.9852190788600633,0.9326656432986581
Mean,1.0,0.9852190788600633,0.9326656432986581
